circuitId,Tipo,url,url2,a–o de apertura
albert_park,Hibrido,"https://hips.hearstapps.com/hmg-prod.s3.amazonaws.com/images/albert-park-1648822119.jpg?crop=1.00xw:0.751xh;0,0.101xh&resize=980:*",https://images.daznservices.com/di/library/DAZN_News/dc/79/circuito-albert-park-melbourne-gp-australia-f1_192zg8rihn0nv1ewzoa01ijqww.jpg?t=-16377409&quality=60&w=1220,1996
bahrain,Autodromo,https://media.formula1.com/image/upload/content/dam/fom-website/2018-redesign-assets/Circuit%20maps%2016x9/Bahrain_Circuit.png.transform/6col-retina/image.png,https://cdn-images.motor.es/image/m/1280w.webp/fotos-noticias/2022/03/fotos-gp-bahrein-f1-202285758-1647801280_46.jpg,2004
catalunya,Urbana,https://media.formula1.com/image/upload/content/dam/fom-website/2018-redesign-assets/Circuit%20maps%2016x9/Spain_Circuit.png.transform/6col-retina/image.png,https://cdn-images.motor.es/image/m/1280w.webp/fotos-noticias/2022/05/fotos-gp-espana-f1-202287138-1653075223_6.jpg,1991
hockenheimring,Autodromo,https://upload.wikimedia.org/wikipedia/commons/thumb/e/e5/Hockenheim2012.svg/1920px-Hockenheim2012.svg.png,"https://hips.hearstapps.com/hmg-prod.s3.amazonaws.com/images/general-view-of-the-start-from-behind-during-the-f1-grand-news-photo-1595520006.jpg?crop=1.00xw:0.749xh;0,0.199xh&resize=980:*",1970
hungaroring,Hibrido,https://media.formula1.com/image/upload/content/dam/fom-website/2018-redesign-assets/Circuit%20maps%2016x9/Hungary_Circuit.png.transform/6col-retina/image.png,https://cdn-7.motorsport.com/static/img/amp/4900000/4990000/4997000/4997700/4997774/s2_1004773/1004773.webp,1986
interlagos,Autodromo,https://upload.wikimedia.org/wikipedia/commons/thumb/c/cf/Aut%C3%B3dromo_Jos%C3%A9_Carlos_Pace_%28AKA_Interlagos%29_track_map.svg/1920px-Aut%C3%B3dromo_Jos%C3%A9_Carlos_Pace_%28AKA_Interlagos%29_track_map.svg.png,https://images.daznservices.com/di/library/DAZN_News/9c/2d/interlagos-gp-brasil-f1_crsf5askuqvo1eocq9bip1ezl.jpeg?t=762410284&quality=60&w=1220,1973
istanbul,Autodromo,https://upload.wikimedia.org/wikipedia/commons/thumb/5/5d/Istanbul_park.svg/1920px-Istanbul_park.svg.png,https://corp.formula1.com/wp-content/uploads/2021/09/SD_2020_Turkey_Helicopter_100-scaled-1-1536x1024.jpeg,2005
marina_bay,Urbana,https://images.daznservices.com/di/library/DAZN_News/28/a4/circuito-marina-bay-gp-de-singapur-gran-premio-de-singapur-formula-1-f1_1k1olc1ugk7yv1txswzmqmhtxd.jpg?t=2134940323&quality=60&w=1220,https://media.formula1.com/image/upload/content/dam/fom-website/2018-redesign-assets/Racehub%20header%20images%2016x9/Singapore.jpg.transform/6col-retina/image.jpg,2008
monaco,Urbana,https://upload.wikimedia.org/wikipedia/commons/thumb/3/36/Monte_Carlo_Formula_1_track_map.svg/1920px-Monte_Carlo_Formula_1_track_map.svg.png,https://cdn-images.motor.es/image/m/694w.webp/fotos-noticias/2022/05/horario-f1-gp-monaco-donde-verlo-202287181-1653287810_1.jpg,1929
monza,Autodromo,https://media.formula1.com/image/upload/content/dam/fom-website/2018-redesign-assets/Circuit%20maps%2016x9/Italy_Circuit.png.transform/6col-retina/image.png,https://cdn.motorlat.com/images/21000/21973_motorlat-f1-gp-de-italia-2021-autodromo-de-monza-sede-del-gran-premio-de-italia-v1.webp,1922
sepang,Tilkodromo,https://upload.wikimedia.org/wikipedia/commons/thumb/6/67/Sepang.svg/1920px-Sepang.svg.png,https://www.formulaf1.es/wp-content/uploads/2008/03/Sepang-International-Cirtual.jpg,1999
shanghai,Tilkodromo,https://upload.wikimedia.org/wikipedia/commons/thumb/1/14/Shanghai_International_Racing_Circuit_track_map.svg/1920px-Shanghai_International_Racing_Circuit_track_map.svg.png,https://www.formulaf1.es/45/circuito-de-shanghai/shanghaif1trackaerial/,2004
silverstone,Hibrido,https://upload.wikimedia.org/wikipedia/commons/thumb/c/ca/Circuit_Silverstone_2011.svg/1920px-Circuit_Silverstone_2011.svg.png,https://cdn-3.motorsport.com/images/amp/6VR3g546/s1200/mick-schumacher-ferrari-f2004-.webp,1950
spa,Hibrido,https://upload.wikimedia.org/wikipedia/commons/thumb/5/54/Spa-Francorchamps_of_Belgium.svg/1920px-Spa-Francorchamps_of_Belgium.svg.png,"https://hips.hearstapps.com/hmg-prod.s3.amazonaws.com/images/the-fia-safety-car-leads-the-field-during-round-5-spa-news-photo-1655997983.jpg?crop=1.00xw:0.908xh;0,0.0919xh&resize=640:*",1925
suzuka,Autodromo,https://upload.wikimedia.org/wikipedia/commons/thumb/e/ec/Suzuka_circuit_map--2005.svg/1920px-Suzuka_circuit_map--2005.svg.png,https://phantom-marca.unidadeditorial.es/5fda95e777edf0737c9a8b42399c9040/resize/1320/f/webp/assets/multimedia/imagenes/2021/04/24/16192488952533.jpg,1987
valencia,Urbana,https://upload.wikimedia.org/wikipedia/commons/thumb/0/0e/Circuit_Valensia_street.svg/1920px-Circuit_Valensia_street.svg.png,https://e00-elmundo.uecdn.es/elmundo/imagenes/2013/07/03/valencia/1372848521_0.jpg,2008
villeneuve,Urbana,https://lebalap.academy/wp-content/uploads/2021/02/image-3.png,https://images.daznservices.com/di/library/DAZN_News/18/e0/gp-canada-gilles-villeneuve-formula-1_75lycy2xa1i41jzu6i42cstqz.jpg?t=1649250169&quality=60&w=1220,1978
yas_marina,Tilkodromo,https://upload.wikimedia.org/wikipedia/commons/thumb/b/b0/Yas_Marina_Circuit.png/1920px-Yas_Marina_Circuit.png,https://cdn-9.motorsport.com/images/amp/0rGEEzO2/s1200/yas-marina-circuit-new-layout-.webp,2009
yeongam,Autodromo,https://upload.wikimedia.org/wikipedia/commons/thumb/1/19/Korea_international_circuit_v2.svg/1920px-Korea_international_circuit_v2.svg.png,https://img.remediosdigitales.com/c1522f/jeonnam-circuit-estara-a-tiempo-aerea/1366_2000.jpg,2010
buddh,Autodromo,https://img.remediosdigitales.com/969994/buddh/1366_2000.jpg,https://cdn-6.motorsport.com/images/amp/6gynLWP2/s1200/f1-indian-gp-2013-main-straigh.webp,2011
nurburgring,Autodromo,https://img.remediosdigitales.com/219c96/gp-de-alemania-nurburgring-croquis/1366_2000.jpg,https://www.noticias-f1.com/wp-content/uploads/2013/07/gp-circuito-nurburgring-2.jpg,1951
americas,Autodromo,https://images.daznservices.com/di/library/DAZN_News/fe/60/circuito-de-las-americas-austin-motogp_cg4oamgh4uhp1fk3d7r2yb9j4.png?t=-14524809&quality=60&w=1220,https://images.daznservices.com/di/library/DAZN_News/e2/80/circuito-de-las-americas-austin-motogp_1sjhomu37yjws146mw1amdmn9h.jpg?t=-14992489&quality=60&w=1220,2012
red_bull_ring,Autodromo,https://upload.wikimedia.org/wikipedia/commons/thumb/b/b2/Circuit_Red_Bull_Ring.svg/1920px-Circuit_Red_Bull_Ring.svg.png,http://as01.epimg.net/motor/imagenes/2018/06/28/album/1530200643_587028_1530202342_album_grande.jpg,1969
sochi,Tilkodromo,https://www.aerodinamicaf1.com/wp-content/uploads/2021/09/image-1536x864.png,https://cdn.motorlat.com/images/13000/13045_circuito-sochi-2.webp,2014
rodriguez,Autodromo,https://upload.wikimedia.org/wikipedia/commons/thumb/3/36/Aut%C3%B3dromo_Hermanos_Rodr%C3%ADguez_2015.svg/1920px-Aut%C3%B3dromo_Hermanos_Rodr%C3%ADguez_2015.svg.png,https://cdn-9.motorsport.com/images/amp/YpxQvlWY/s6/f1-mexican-gp-2017-aerial-view-of-the-track-6137416.jpg,1963
baku,Urbana,https://lebalap.academy/wp-content/uploads/2021/02/image-1.png,https://e00-marca.uecdn.es/assets/multimedia/imagenes/2020/03/23/15849620127361.jpg,2016
ricard,Autodromo,https://upload.wikimedia.org/wikipedia/commons/thumb/d/d0/Circuit_Paul_Ricard_2020_layout_map.svg/1920px-Circuit_Paul_Ricard_2020_layout_map.svg.png,https://soymotor.com/sites/default/files/imagenes/noticia/circuito-paul-ricard-obras-soymotor.jpg,1970
imola,Urbana,https://upload.wikimedia.org/wikipedia/commons/thumb/4/42/Imola.svg/1920px-Imola.svg.png,https://images.daznservices.com/di/library/DAZN_News/e1/f5/circuito-de-imola-gp-emilia-romagna-italia-f1_62wofunr0hyl1o10g7fe267uj.png?t=1091423720&quality=60&w=1220,1963
mugello,Autodromo,https://upload.wikimedia.org/wikipedia/commons/thumb/1/1a/Mugello_Racing_Circuit_track_map.svg/1920px-Mugello_Racing_Circuit_track_map.svg.png,https://as01.epimg.net/motor/imagenes/2020/09/09/formula_1/1599665739_950626_1599665938_noticia_normal.jpg,2020
portimao,Autodromo,https://upload.wikimedia.org/wikipedia/commons/thumb/7/7c/Aut%C3%B3dromo_do_Algarve_alt.svg/1920px-Aut%C3%B3dromo_do_Algarve_alt.svg.png,https://hips.hearstapps.com/hmg-prod.s3.amazonaws.com/images/lewis-hamilton-of-great-britain-driving-the-mercedes-amg-news-photo-1646213957.jpg,2020
jeddah,Autodromo,https://library.sportingnews.com/styles/crop_style_16_9_mobile_2x_webp/s3/2022-03/jeddah.png.webp?itok=Ro4KdaPB,https://memolira.com/wp-content/uploads/2021/03/Circuito-de-Jeddah.png,2021
losail,Autodromo,https://media.formula1.com/image/upload/content/dam/fom-website/2018-redesign-assets/Circuit%20maps%2016x9/Qatar_Circuit.png.transform/4col-retina/image.png,https://soymotor.com/sites/default/files/imagenes/noticia/losail-circuito-f1-soymotor.jpg,2021
zandvoort,Autodromo,https://media.formula1.com/image/upload/content/dam/fom-website/2018-redesign-assets/Circuit%20maps%2016x9/Netherlands_Circuit.png.transform/6col-retina/image.png,https://cdn-5.motorsport.com/images/mgl/2jXg8EP6/s8/artist-impression-of-circuit-z-1.jpg,1952
miami,Urbana,"https://hips.hearstapps.com/hmg-prod.s3.amazonaws.com/images/drs-1651661973.jpg?crop=1.00xw:0.892xh;0,0.0338xh&resize=980:*",https://pbs.twimg.com/media/FRzUtthXMAANV7g?format=png&name=small,2022
vegas,Urbana,https://upload.wikimedia.org/wikipedia/commons/thumb/0/06/Las_Vegas_street_circuit.png/1920px-Las_Vegas_street_circuit.png,"data:image/jpeg;base64,/9j/4AAQSkZJRgABAQAAAQABAAD/2wCEAAoGCBUVExcVFRUYFxcZGhwcGhkYGhwdHRwcIR8aHBocHyEfISsjHxwoHRkcJTUkKCwuMjIyHCE3PDcxOysxMi4BCwsLDw4PHRERHTEoISgxOTEzMTExMTMxLjExMTEzMTExMTExMTE5MTExMTExMTExMTExMTExMTExMTExMTExMf/AABEIAKgBLAMBIgACEQEDEQH/xAAcAAABBQEBAQAAAAAAAAAAAAAFAQIDBAYABwj/xABEEAACAQMDAQUFBQUHAgUFAAABAhEAAyEEEjFBBRMiUWEGMnGBkRRCobHBI1Ji0fAHM0NyguHxkrIVJFOiwhY0RFRj/8QAGQEAAwEBAQAAAAAAAAAAAAAAAAECAwQF/8QALREAAgIBAwMCBQQDAQAAAAAAAAECEQMSITEEQVEiYRNxgZGhMrHB8EJS0TP/2gAMAwEAAhEDEQA/APHxXqHYur7NFm07WF7x1yBZBG9RLhSxkAQYrzCt97M9lbtNpnZJ3Pd2kllAEPLeoIEfOsuqjFwVtrfs6NMDd7Gk/wDqTRqqlLRAZC4MqkqMkxBOBTx25pbgVbqBFdSyvysAAySANuDM0GfTbbVoKtqGsXSyHO0hJtpBf7zkDa0k5qXtHQW2sJhWItPvFsgMh7qWCiSAMMIMgQM4rgeDH7/Ozq1y8oJ9odiMo32iLingSJ+R4PwxQvSdrvYu7ADDQCDMTuUQy/A+hHQ003NRprl02bm6O8JtnqwS0VXafeGQZXq461H2t2mdRctsNtoqSpQxDFbqKWDEYMcKTywiqhGb9M6cX37/AFCVLjZl/Xdm6LXgNi3cIB3pjkAiSRHB4YAjp51kO3vYjU2JZR3qcyg8Ueq8/SanuXXtDwbkYd5K9JGnO0weg2yJnImtBp/apke4GG1FFxgqiV8KWWAg9WLvkR09TWkVmxf+buPh/wAMzlon+rnyeZR06jkVp/ZH2V+122um54VJBRACwgTJnEemZrb63Q6PWgF0UOSwD25mVYo3AmNwwCCODTfZ72duaXclu53lp33FgYMQAQQMNx+PFVk664NL0y9+PuRDp/V5RnvaP2IuEs9uNwwU2hASI4IxMEcwPUVhRXv3bGntXLdxFuuhdWB3yAZQrMkbZ+NeArxWnQZp5ItTadeCOohGLTSFpYrqWvQOc6lrhXUAdS11cTTAWKdVd7x8qYb5pWgotTThVRbxqVL/AJg01JConilpEaacKqwOiliuilApgJFLFKBTooAaBSxTopN48xRYjopYpner+8PrUb6tRRqQUWIroqi2t9K46oRiZ+dTrQ9LL4roqjb1RJirAz96PhTU7CiVmim7x5ipEp3dimSA61PZ+uuLpUZEDsDtzJwCcnPQQKy1HdP/APZiQx/acKYPJ9DXJk4OiHIb7T1N4W1ZAu7lyQIURk5PExVrVa17aBgveZEj0g5EesUM7VUtZtgIze7K7iMbevn5RVjtgqLALBoDKfDyMVzs6PIaHaKsz23O5yjZOGAdVTcG6kbF/wCkVNf0aXGXhjuJ8XhdZu2igB4KgEkjM92OKDvai8rSvitsOBuEFeMyQZ8sQPOqfZuqdLNraxANwqRc5gkyPiOnH6Vi8d7x2L1VswlqtFcRdi7bgllCPg/3VzwrmZPXaeN3rVPXBGa5vDI5S5JaSPFZtycZxsGIOQ1EG7XXY4uiER4O+SDKskgjMFbhq5c7u4GzAKkbW8az3ewGOQCwBIH7zUk5R5X2BpMEWbLJdtPbb/EJ3A4BOotkAkYkBsgx7reVS9jdrahbQ8UMGtqSxIlSlksDnJ8THOZarjdlDchtkqdx/uzIg3bGGEyN24dcDfg1Db0TsjAotyHtkbSV/wDTJJ4yIn1gChyhJer8hGLT2H9m+0eo3Wi53KR49j7h/ebeu4e6TnpFEdV2R2fqCx2lWltxXoQ21iYn72OOay1q2Ztg2YjHgM7R3qR5zI8R+dObTGboVlJJuGARMi/acDmeJ+aj0oliVqUXpfsCltTVhHV/2fI2bN9T5Bv6n8KCa/2K1lr/AA9481z+HNFtLevpds+IxuC7Wkj++vA+90IdT8CPSO0ntJqLVpWOcA8kSO4FyDGMsN3HDGOlXGfUR4afzM5Qg+1GP1PZ92379tl+IquK9O/+pbu5g1oOquVkhSSO8KTgDO2GPzrNe2OoS7at3FtrbJYYCwcqxM85kDr0roxZ5ylUlXyZnPEkrTMvFSC2dpaPCCAT0kzA+OD9KYKnT+7b/On/AG3a6znINtKEHlTgKfsjn6UAP02lngU67piOlE+wdZbtujNbDhTkFiN3xirvtXrrd65vt20tCB4EwJ8/jVIDNRXU5hTUXzM0rEOrhSimu4HP60WA6ob7+rT6Cnd8pwDVa+8CNykekzUuQ0iO7cP7xqGDT7agnMx6VK4UcK0etSMrxToPkavWLAidsT/F/OnvaWY8M+sk06CwYFqRbY/eH41YXSl+ufVSKa2jYcmKVBY6zpQfvfOKtWrKjlp+f+9DGTzP1phAoTCg8HX94fWnyPOs8Kk79vM1XxBaBtH9E0aOdxSH5Ak88RI5ofe7MYEgMDCqT/q4H0z8Iojorm3TMoYKyv7zKdsFiJGDPB+Fc85JrY3jFp7lvte6v2dDc3GQsEQp3FDkiY88Vc7VufsCwcp7sMMx5cVU1uriygFwbyiydpYwUksABIOQZxE1b1WoUWgp2lv2ZKvIDDEqcHkA/CsfBr5JSp+0qdoju/enIy2InjHl51R02bVqDui9/ic4njPI/ryq+0d/ahSW2GSDgCPDj4ls+oqkjTaXxBovcv8AkM8jpn+VSimS6htq3jJUC4hlhI95eBHB4+NSAf8AmEMc2veDepxHMetR6zwrfMlcodxEjkcDHzqRY760fCSbfPB4JwOIpAJoNdcW3aO+WNzaTcENEmIg4YdPhRSz262y4HtyA4BDDduKEMrA4PIH0oHbUi3aB3CLw94bzGTzGB69IpW92+Mf3jYDegPX3TSlGMuV/bHFtF+1dsK1q6VZZfwgg8sweGGSASvyFX7+itv3hhPEHIHiBJLWiFkY6Nnnwj5giT3NiN2LgnawOPFyfvCnWjF69HPdzhsztA44HxocL3saYYs9lENb2MwlyIVwwzebkYwwIPordYqlqNJcFrxMpwRLoV/wbhadsxIBnPG4fGCxeuAWPG+d26QG3cQGPT0PxqZu1rgS4TthbhSG3ARG0z6kMw8vF60VLyDqhb+mYXLvgEl2J23IM98hMyTBkyfp1FXOzrtoWkt3tJcuYB37pIxc5gASNvP8YqO52s++9uQHaoaZUl8q5xEjxoMnypbPaaFrc2ssuDtwoAuQGIPP7V/w8qTUmt/wxbWJe0vZdwAlL9qcDHBOwCcnM3F/HyrI6tFXvVQkoLoCluSB3oBOBkjMVr7fadnbbnvFBcIJ3CTNobSIOD3RE/8A9G86y91EI1LeIBboKjHu7roAPyYfSt+n1Ru2/q7MMkVtRSTAnqeP5/ypopC5Jk1wrqsxokVqeXNRCrVjQ3HAZbbMDxAJn4Dkj1ocq5BRsgK9aXbRjQ+zGquEfsnVScsRwPOCRNegdi6LTaZStsLugbndgXbznaDA9BiuPqOujjXpVvwmbY+mlN+DyhVHSnFJ5r0btfsjR32MG3af95FYCZjPAY9OOtU7fs7oE9+/cuf5RA+76D99evUUQ6+Eo3pd+KscumlF1aMGNOvlUjaQDlSDHUEY869EsafQIwW3YY3D7hc8MVdlOSf/AE2+lX7vYq6o2jqSpKKQe6BQsCZAyeg6DzMeVS+uS3cWl7/8BdM2tmeW9wIiMUqWYEDj+vOrmtsqlx0Vt6qzAN+8ASAfmKjBHnXcpJq0c7TGd1NKmnHXJ8yBT9446+lGdZ7M6u3ba7cstbtrElioOSAMTPJ8qdioD7aalvHuiashD+630I/OlVZIEqpmMlT59A00ahUwNqez3ZplR8p+XHFLY7MbO4iP4cfpRa2wIBpZFK0PcFXuzgPdME9DmqL9mNPIrQmKr9ynl+JpakPcu6fS92xV2KqYjB96eYjA469aH6hLj3CVPBMAMIg/eAnnH9dNJqvatbr2w1lfE5tgkBiJbaGBMCRu6zkVnrl64LlxWfcLdwrFzxgAMwJjOQF6Vgrrc3k7Y+/ca4yNs2SpAUSAfuyTxxHJjwmabcN5ixBXAA2yq7dqkrkqATmYB+PoYt29BILvctqd8dQMg4AzGf5046axcUBdTBPvG5IUj7vXzxx0Bqb9gt77mfhgSygby4AnIKiBJYHjB+HzFT9pORbYMil3KuzTghSen0EUQudmqlssL9q5DFWWQSEBmQPvDaPSoNR2Jca33igbSCxO4QchTwQS3E4nin6RJsraPWcAuw7wLMkyYIPMYJErg8ScYqwdRsdJy1tW96JYEE4MTxOPhxVZOz7mwXVtXXtwRuXMQI3ZBiCRPwPQ03UOxAuN/lU/eG0iBI4xOJ8+hocUytbH2dSD3dtfB+03kK0lvhn3CDOeelWjqVdbsR4pIXb0ACywEzJz86pWbMBHKlE8RUnd64Uk85iKgtacBy6gDJG0sJIMhuR5Hnz4paEwU6CRuobdtAF8DqcggcNlY9SOfWpbB3Xrm2SDbj3RE468n4cUJ0VwqSJZZIbhTkeeeI5H05q+loteUoAuV3jAJ5Dj4D44mk4UUprYfaI2aaduHI4ZcyRgDE/Gl1Dnu7xmIu/dcdCB97AJiY9aq6MbWbcSsNMSQceHPnkrifWrMEKwV8GHHhVjIZWJz8ZznrSaKi7J9Qv7TU4ObePCpB8EY6sfQ0zTzv0+OUYHwkYgGPJcgYNLoh3puuombJnwMMgQwnrHlV3snRAnTjGFaPeHQDAM455qfb+8D9waphLeQP24GGYTk4zkn04qpb07m3qAFYk3EgAHPietmnYxKLzi6DyfUxkfhV252ay3UTeo3rIzEbY3D5g1WvSRps8xTR3CYFtiR0ANHdP7JXHVdt233jHKNvUKP85G0n0HyJrdDRW0XxXlGGzjz8J+n15qtcv6KWXviSWnwAsQPCIgCYweh5PnjOXUTa9Kf2GscVyZvS+xdxL5t3kZkKgpctnwMSQsecyePP0rWWLeqRUS0FW0ETaYtjwkMR0nAA6VBp7zFQtq1qLhkeIr3WJBjxEeXPwqT/wTVOVPdovhT33JM+IEkARncJE9BWL15EnNr6/vRa0x2iSWbGpZlD6hIxIFxjibXQCJg3B/WL1jszT7cFmbO4+fvxiMZJqP2b9nLrm5N7uwl3Ye7tqGkC02C+4AcRjMT1oR/ZT2YmpOrS6XJtXAsJce2Dm4JYIRuPh6zSeGNPfjwqD4tcB99Dp1HiWFlW8TBYhtw5+ArPdp9o6O0W2JbubVH+LMwtvHJA9wZPl8z6Hp/ZjSIZXT2t0e8UDN9Wk1i/7RdAWu3LdtQC9oqoBAE922Ij0q8UIPa39yHkYL7I9o1YKyae2GJEbF3j/GjxQAeG6+f+omvbN07mNoZe3unaATAA4JMQOld7B+xRGltu7DvAzwFJ2+B7yjp53G+UUTvdjFVYk8my30Bn8f0q5YcN3Q4Sk+WeSNqrUkhHOfNVH4A1c1PaLMtvenhgkBixHQA4IB+MUFu3SphlKzkSIkHII9CODSjVdAB8h8q7LMKCtvVQQVCggyCFWfrE0e7a9plu2mtppwhaP2jXXuOIIOC3nEVkLGrUNk/Qf8UZ9pX0vdW2sO7OV/aBgBDY92ORzQtQUgcyE8mfiB/KlVYIO2YIPO3z6ihP2r1pftXpNLcKQVDdJHFNd06kChb6ufuimC+P3RRTCkX7upUcNTRc9f6+tUvtA/dFN+0+n40bhsPN4mP1IPzqdXxyEBHBgn44HFWtP2K5E/s+kqblvfkDjkjBH1FR6fZLFo8J3KN0cbgoIInGD1wsHJotBRDqEIO1gN3pPHT6joYOcxUg1BKliMjAx6Cq+uMtMnhIPMjYsEnGSIPz9Kk0dubbCYzyeB7oz6U+wjrWoAmSZI/SKd9tldpgjyJMH5RTLOlLceU4XgeZ8hOJqPUJtYqGDAdcCfWPKltYFu5rGKwHI+DRz73UcwKs2+1HRQN0A52/dJ9QPjQgLPl9T+lT3bZ2IY5npPH/B+h8jRSHbCi9vMZVmDrvLKrAEAkk8Gm6ftIKWbZbcsIh1BA/y/u8Dj08qEbPh8OtOfTMBJWAYgk88HGfIilpiFsMrr02Hci7iDBlgcgY96NoI4jyqfs/X2JQm2QyKJKuRubdnEGBGBFAntkohHHi4PqPWprunhJI6iJwYkgznqeJ8sRNDigsP67VWSrvbQyYXxtuExLEQARwKJ6EaO5ZUubqPsSSNrLJgmJMlQRgHyFYbRoZBgxBzHof5H6VJorbllTc3igQDHP/IPzpOCopT3NjpF09tSFuneFYjfbMQTOIJgmfOifs5ekWIVZAcZ3+Lz3Q2fQgYrBdmm47hFclSASCZwMdB08ufStp7L2L63Nlxl8M+EMrEZHMc8xE/Ss5xUS4u+DXJrthtobe43Lhja56LJwyjwgD1NC/azRG9qLK93cTw3CQpWWI2sACGBCkiCcGCYzV/UW1N/SnA8d3BtsD/dsBjyMfrVntBtus0wwAVvZ2sv3R86iM0na8A0Y7Q6K4y7l0inkbnRrkEYIDMzTkc/GtB7L27oeNRcsKu0nu1KIQ+8GYwYiR/WCHs23/lxxg3AcrM945jImYjrNPsMPtVxY4s2YyhIm5fmPko60TyWmiYxpp2w32Vo0nwkEBhwQcQR0ot9nHlWK172V1FnvIA23SSQGggW4Jgt0LdOtENWo7yxsLqrO390zruAtXGA8IEiQD8hXI4vZ2XJsu9ka62l/WI1xFYX1IUkbipsWIIHJEgjHlRK3qliLdu4fQWyg+r7QfrWQ7I1hXtDUWlYpJR3bBdz3e1VYuMqAkjrJPTFHxrbnelO8wEVoYJJJLjkQIGzj15q5pL7EE3bOq1Atg2bXi3AQzAmIM4UMPLrWG9t+1LydpaK2VklbbOFHS4zWzOCRtgmcDnFbD/xi6tq7cYIwt94QFVshAeW3ESYPFQ9r9tFHto6KGc48flhsFP4qIzceFY0rC2hK2rEuwRE3szMQAq7mJJPAEVhva7+0fSWbhtoj3jtUlkICZAYQT72G5FR/wBpftGLmkfSWy6XXYBiASNgYM0MCDB44M5BAkGsX2J2KE3bUa4oNuQVAYEldw3FJXJA4+8ORMa443HVIN72LntGLfaqK+nZReXaG71ltlLQ7zwycESy8E9fI0G1nsh3aqG1ukRmB3Frl1pyfc2Wj4YjJyTI+IvtW0/eXHSzsts2AIIAwQBgRx5DBp+saVtM5cHu9pAtk8Pc9QBgjHwreNpVEHpb3Cd72V09hl+0a9TKq+yxauOzKciGYKqyowTxjFT9l9mdk3LiI17WoXcKCe5gSQBubpzzFBNFq9OLi96txkzuGE6GOCTzHUVFe1NmTttkiTG5zx090A/UmnqkLTE9Wu+xfZFi0XYG6Nu4NcvvnyMW9uCYHHWsx232J2VeFruNQNMe73XFS1dulnMSvjdY2xgASdxrK2tcsGLaTIgwzRz+8x/Cpk1LHPgn/In57ZojOS5G4xfAA1lraxAbcJMdDHSRmD6SaS1YdlLKGIBgxnmtI19mPvEeWcedFPZYKNRba4xADq0k8QQSMnqMf81opkOJj7PZWob3bTk9AEaW89oiTHJjiqG419TXezdLetm5b2uyo+xlYkrvWOB145FeS/2frrNPp2Tu9Rbm4WjuTmVQTlZ6fhTsTS7GZR7joJUgSoB6EqGBE/ekGDn7oknNQMoFxlYhAY3GSSCTJIge6J4HIHrWw7CV7gVrentKSxCPbEbSBB3LMZk5YHk1YudmXEZbdyzZkwGYiT0MzI6loAisnOuxemjL6fSd5cFoEO0ERb3GFEssSBBIO0jqAPOo9VaKKTs28na3TOMwuZHUYM16TpOwxa33O8tAkSpUspBAAwwMwFHWaj1+g75nC2FvGAC77gMAcmYMj8c9an4nqoGrWx5WLhUB0XuydxkMArDoASwBiTAE/OBSXtOwUOBuBg75Ekwsj3phTj68QY3GqS2uotrc01tbeVi2oZj0IDNJ97r/ABU7W9pW1uG1b09gLthXyVhjhiQwzjiOlNZPYfwzF3LKeFXUKTERv4kZkmRMtIg+78KuW9Ps2wu4gsFCkEcDBkeIHn/T9Nnqr6BTttadNpBKraILQPUj0PmIq37L3bFzaNTYt28zlCJM8Z5OfPzFGu9haaMinZXeO5ZXVlneQMcGPcjrJ6dAPOq2r7GUOyuGEAxtGABujBkqs5IHHr09it9s6Wy62rZBLDcNowSfgMYHWOBQb2h7ds7rZW1bZWuKp3rJIIdiVIIloBEEHn5VLk09mNLVtR5qNLsIPuop8LsYWJXBadu4gjM4kwetXdTpwLSh7gdQ4UYRSCd0scSJE5AmeoE1W7eN21qN4utc23Wh1ckGZOCTzHQ1tQ9u1Ys6lrdq6PCXd3IuFlG0uc7VI3bZH0zipzapiVJtGPs9m2wwbezrtYs4G3xQynwz7pIY7wPu1XtC0rsyJd6gBl3nI3eYIhYMHcSepBxtLnaWm71bf2e2ll0MssOeJ8AkZmRMz4qH9n9uaV7xWzobbC5KlTJDEkQwnIAgeGfnmoWRtWwaSMxbtop2LbYsrOC+TAlj90lfIENx5k8EOztfcEsgClJEnw7So8Shh1JEj4ccVpdd2db0922t/Tl1dNtsTtKEbcz6loaTnNUblwMqtb067FZYt7X2wRcD5LEllLiPOTMdVrUuS1FpWgh2d2gBe0ty5t8S3Jh2cgr3iiJPh5IgzyPIRV7Q9qN921c2gt3YO3aTDbirq05EJnE5iYiapa62qsHOnW2lradmnDQysdyklgcn7x2546CjfYT6DZbcWxaul0KgKAgXf4cEmPPOCY6VDaW9WACsdtBLabbbE4kqGIkkklvCYjdHruieRVhPbK4ri4bS3Ga0iMivBDI10rtKqed/uw3TPNFfbP7Iji5Ztd613F02lIYSvRh7siceUjHIo6Lsq79lK/ZrZjaN3cotxhuU3PF0MYGMesU24vlAgXp+3xdbftuAboDG45WGKsVJK8eHknOMUd7G9o7SqilY7kXbh3FsnZdGwlgSvvIANvM9TkXa0d24bdnurNpxdWbxRRKgFTugbYO45ic8nmiWv7SvpeuqNNaZggAu27WCQVVgPNCqztn9KJVJVQrvZkOl9plXU3L1u2xJ2qw3ZYAESFAxmRJ24IMAgitHY9okAN5bV1kFu0hw6EQ9wMZkgwp3CSJwMTNZT2gs3dVZzZ2u7yyqqIoVRC4ABJksfFI4x5mex+3NdbUqbQuJICo+2QseciTIAk/GlKClVoDn9sLLWri91cJu94JIUgb1O2TJPvHbIx6ioe2O2FvPp9WttwtppKABy8mzKqdwyN5x/DPlIvVXdcjo3eMoJLFDdx5GQJmBGMijOme8LQUoj7kTd3lx2O4c7WAU7GEYNGit0h1RWPaelubrh0903d24k21J2BlyIaN+zg445iKj13als2r2y1fH7gKiNoVFJeTu2s6xHHudYiivY2tn+/G05ZS9zJz6evzonp2uadEt3GQqZWV37zzHj3eH3hMRIVRT0Vx+4WDfslm4FQPdMklbXdc+6FMjBknbtGQATVPVdn252nchBI8SsIyxYe7ukZ6dKKabtF9Nfh9ae9VVWGB2+LiN77S0QcTkCobXaVkPdvfbHNy4pBMRciTGN0yASAD0PGK0SmuBXEA6uxbXAcN4jDAECPDtJnEGZiOKY+kslSSysfDjYckiSJK7QQCvx34rdXNCWsi93t5mKh/eCE8tbUADwRvOB+YFPtaa0NOtprkZRp3ILilchZAnGBPPhGZE0apBSMNY7LssYUrHmFaD0kY685iPlVk9gHar7H2sCRCuRAjggZya1OoNu0jMl24SoE+O4QVBkiBg4n6+VVE1ujewD3kW7cuqPdgjhfdL4kwIMTI86fq5oLSMzq9Atv3pXO2WwJzgEjPBNP0S2iYFxD/rA+dEu3NNZuN3l25aVonazeLiQIXwzGOY4zFN9mvZu3qrfeLbKruKjegzAkkEMQR0+INaxitNtkOXsXtLca0QyFgREbCCOes8/Oa2dv26WMq09fCOfrWQb2O1StttugtLAA3FTH3sARzRTs/2Rfux3r2y+ZPijk7Y8X7sfOamUoLuUk2ro83W9cUbrR2jIhGjg7uN3kY8qs3HuXGDFXkhDwTMSsEz0AH0onb7TAbi8wHoIJwejZAmcc4zBEra1e9hvN1ZaG/hJErgA8mR6RSe64LemT3f4K3Zy6ne0hypOQVaOeOIjofTFHdNq9Vb32VZ+6YttdVgqCBByFOOoE+hql2cq3GRSGBZHYjvFYqVYKvAyD4s9CpFGex2LWQTk5z9YqaoelKFxd7+DNanszV3L29t4O4yVYEZLZUM3AHA9agvezGoYkRKxEkqMSSI8UjH5mt8Fp4FOzMzK9j3zbtoSo2MDyGJww5j+LoRxSP7PXNwKMqCZgMx85HGR0ya1EVxXikBnrXYFxXtuLniQQC3i+HQcCrD9iuyKrXcq0zBJ+UtIMGJk0bC0uylS5HqYDu+z1shVmBBDRMMTyYJhesAcT8KXS+z1tEZJLKybDIGQSST8c80b7unC0abdiAVv2dsiPfwIGR9eOap91Y010bFYMpHihyRgHELHBHXrWqFmgvafZU3TcZ9oMKMrgkKCRIJ4X4Y+htwwXJW1XaxvkM8XCJgM1zG1WeOgBgH5xRzSuUHgJXHTyoAnZaIyzcQGDkEt0gztAAJBj1zRm92nZSMk5gwOB55ifl50aV2Rc+EtvoWdQ7OCHJYHnccH64qAadDnahjrCmP6NZ/t/2p06q0We8xjcB+Mg+lC+z9fZ1CHi1u5VAwz/pGamSa42+heLDKe0efma9NXbLlFZS495Vyw+IGab2pcK2nbbcwOdjj45KwMUC+162zbAsObdqcEWSk9eSuZoT2v2xrNQO7u3HuJ1UBgD8QoE/OtYwvujGeqDpoJaF7t0goHurj3VnHWNinH0rVWrFwgfs7kwPuN+orHdndsa8KFtu9tRgKlmf/AIGiIudqPzcvH/Qq/wDdFNw90JybXDLWt9odNbuFLlxldeR3dzHXnbFW7PaNpl3K0jpAP8qC9m+xt29cZtQ62sgyQHZv+nA+tbHQdji2oVQMdYFTNwXDtjhGT5M52oUuRh8SML9OvpUh7SYYFpjA+8QK1Y7MP9GmJ2N5qPiBUa4l6WYjtzt+7ZtNcFpcRgk9SKzus9qb1y0jyieIzCKxXnHix0Br0T2j9kbmptG3uVRuBypPHmAR+dCx/Z/qAmwXbY/y2iPhy2B9a0hPH3ZjNTT9K/JjNQ4c95ddySRLAJLNGMBcREkH086r3+3rltwlsGZM7jzmZAUADHQVv9J7B6lQAb64n/CQ885Mn8afqP7P7lzbvvDwmQy2gGB8wd0fUGrebG1V/gx0ZFK/5Mj7J6q7c1l6y7G4oDbQQJEMIPAztrR9saq3ptguKZeYgDgRPl5itD2T7HWtPcN1Vi4wIa4WOZgnBMZIHSg/9onZiXEtBtRZtDvBue5cXCBXnasy5JIwOoHHNYa9T2OlbIBnthwybmtJbuZUtbdsTEHarA/OAaXtR7ZZkW9aK3Je2UsFmZ5Gy1M7Qm/EFVEYNGtLouyLNtTcu3rogQ5N7bHEqqLtGZ86FaDWaJdVbFjUXWtbg0dy7NKncqwtsbhI8gQBOa0jXcl2wx2sE0pBvay33sAbbWlYZBAeT414UxAXM8A4E2faZ2ulLd10TcdvhUny3HcJM8wYjjEVodHZ7LS2bbpqH3TuZ11IJJ591VFBdT7PaJNTbvaM3bqKzd5pmF3c0oQO7crJyRIJPxxFZ0mgtnoHY2+5p7dwgE3LaNO4iZUHicc0+5ZuT7q/9TfzqTsjslrWntWiZKW0UkcEqoBI9MUy7oXmspIqMjx/T6W5P92CWt934rgwO89IPhT7w6xzXafT8lmRCWQyu9iNqkHgwTAX4mTRC9qDK92oUCZ3eI9OMwPoalXWEe7btj/TP8q6akNfDXNsodmWjbZWDSRAhLcSMllHBAJIz/D6mtN2Tp2WyAwg5MfGgt2/cdgxciOAsgfMcH51YF+6eXY/OPyijQ+45ZI6dMUaLZ1OKi0+rtsJW4hHnMfnQNbTN7xJ/H86sW9J5z/1R+lLSQlYTu6+2pAktPVRIHx+vSkftK0OpPwA/U1TXRJ+7PxJNSLpF/dA+VKkPSLd7YEjYoj726Z+Ucdabf7TuMIRNvqBu/PFJqLtu3zcUenFQLr7fmG+Df7VVIKLP2++eij5D9ZqItdLFjcIJEYJ4+UCn2tXbOABP+afwmr1tevhH0pcBSB66R2MlmJPJiSfnTxogOWj4kCr77SCGufSg93SWQ25e8dvIN/IUrKUSbWWNqEqRP1rI3+0rgciSY8go/Q1qe0nuC0R3RRY95z/ADzWC1nZ3esYc89BVRdclQxTyfo3Zd1PapJ8aW2H7rANPxkkfgKf2f2su5QLNpM9BC/MAD9aGL7NvH9582ED85qS12GEMvc3n91cD6n+VZT0S2s7MWDqMb1yjS+dHpnYXtFbYhG7tnIMvnEeZKgirlp7YLhSGkGIJ+mRWA7Lt2VP7SWA4HeED4EHn+sUds3C+bfhH8LGR8xFZ/pexssUJ3raT7U0zS6TUhEY3CEAzLnaI881AfaLTnFu6txvJZb6nisf7QXgtsrcDgdYXcfxYfWgGg7Xs2gxUMpjBYSfkFMfVq3jBSjqPNy3Cek12s9shausFXeerMfwAHFLZ/tAuSB3Sfj/ADrzW5q9zFvMzVjs/UftEH8Q/OplBEamfQHYvafeKswGIkjyo0qgCSwrzPsjtJmvrtVbYiIWY5PJJJNbjStjPkOflXOlS3G9wmbgnoacLlVtMpJwD8TVoafzP0opsTpCNeA/lXb2P3fqRSXnVcYE1SuXiT4RFKkKrLpfzH5Gm77fkPoKpgHnNNaeKLHpRahD91foKsW0T91foKo2xVyys04ydktEm8dB9BXd98RTiI4FNK1W4iO7qwKp3NZnrUGqksag2VLk2Ukjzy3pgfM1Pb0o52/WpUZh5VNbXGT9K7bJRGulxwKnt2B50qqPnU1q3OTScgOt6cepqZLUdJqW3biDIqVYBqHItIh2R0oH7Tdom2pAxRntDUd2pP4da829qu0yxIoUlZqsU5K0BNZ2izuTJ5o72Dp1KbrgLTwJ6edY9DJHqa0v29EAXfECIGfyqep1Uox7+DCNXbDemvrvhE2hfLz+M0d+22wB41HzFed9j3Wdm2qbhJnx5A/GtQunvwNwRR5AAfgASaqENK0tj1XuS9tasPxcIH8JqvofajuF2ohZvMt/tT9RoE2+NrrH91EC/wDdFBLmmVHMI49HIn8K1bhGO5rhxyzSq6Xf2Cup1VzUnfecKo4WTT7T7Rhto9KFNqdvKqvxMn6VAe0HPuqI8zArnlGU+f3PQj1sMC04ePNchPWaq4AQuR/Exj6AiTQHW665wxA9FAH5ZqTV694jYxnqBig9+4SciD5VePGkc/VdZPLGm/pwi7b1JkZr0fsENbsghgkrMk5mOnWvM7Gn4Jrd6JGZMSeOMnms86tpHHFOO/cg7bvuwksWj96D/wB00KWybltmNxV5hQAWPxIAAq12pqGHhCgwYOaoay4Utm4EgxgsQB8hMtWmOLSKyzjKqdvuZi6CrEeRipuzrn7W2f41/MVGLbuZALEny6+Xx9KM6L2U1zEFdNc5BGAPzIrWTVUzBWekey1jvb6wAoC9Pn/XNenaLRqo4n1NZP2H7He3bDXUKORwSCf/AG4rWAwIn8a4lLyaPwi1ccKKp3dQcR+P6Ux8mdx+Hw6fjXW7cn1AgA0SlYkhhQEz5evNPS0BTx+Ppx/WKeXHBHn9P0qKQyKKZtNSFgfzp8f80AMsoSc/X+dXFSKYrjpj49aeHFaRSQmLFR6iYipfnVa+5kx5U5bIEVLqEGY+lQvM1ZZsTUBA8/xrOhnn9ojHXzNPWT1imoo6kR59T5U9WXzMegP6n18q67JJrAMZz9c/hU9hQePrn0qraeADE+U/qaspcJAB585xjrx69RUsdkykLEkQTP8AX9dKXvgFkE/kKh+0osAMqxJMn68RPPTihuv7Utwf2m74AmlRUd3QM9o9exkTWJ11omSeaPdp6gOZz86pO69QY9IP64/GsYt6rPflhUen0rlmd0ekLEFiAPzo3Z06DEfhFXNJq7Cf/jbj/HcP5LC/hVs9tGIt6ezbHom4/jj8KueRs58GCEP8b92U9Cqp7u1fgAasvq2bjvrv+UlV/wDaKp39XcOS34KAPlEVa0aq436jU3I+7ZtqzsR5nhPqf0rSEqWpkdXijJpRSXuV7mouEQVKAdJOPiSagFsnljH8P86vau3aYgW9yIBnf4mJ/wBI2qPTPxqxotJaGbj3H/hQbfxNYyy27OrH0sFDS7rvXL+YKOkU4gn5n9KQaBVOFCmtfav6YAD7O0fxMD+tSLd0f/6wHyH6VHxH5NoLDDZYv2ZjLtgkYJ+tCrmgIcE8TmvRtQNCAT3ZnyAIrJ9oG210bQyJ16n5AkfmKuGR9jPqMWDIrcWmVltowgYjrya0um1JFsohxznNBtdcspaMJH8TsS3yiF/CfWp/ZPUC5AJCxjOTTlq/U+Dys8sSShDnuxbrDf4pJY4ABZifQCST8KOdm+w93UsHur3SdO88TR6Wwdq/Fyf8tbv2f7OS2oKgAn+GD8zRoLAExPx9PT4/80nlfY42kAuwfZbT6aDbQFwI7x8tx0xCj0UAUeW0BH9T5/Smi4DjII9OeT+Qn601XH+b4kLkxkeeDUbvdjJgYPr1/WmXfM5gHjPPSBzn8qjVm+UyPCeMT5cQcfnxTbxIIxz16dPTzI+NAErXIHMDy6j18sQfpUyjETHWagsviYMfOQc7unoKmZ1WCT9fn/vQJjnuDJMwDz084/SpA4IBxBz/AF86rXNRAPWPmfPz5/nTHuAx5ny/nNAFpmEzz8o/55pgb0+PT5VAxkAcfCOPn6fnUZvhSAWHPU+v8qBlwv8AL480gcDy/r/g1VuaiOoPxA9eoNMW7ycYMmOgpgXDeA68Y5+GarXrwM+L4xj8qgv6jHqcccVUuXVAkHHEgH18hQBba8B8MZJqrqNRBggz/XrVG/ekYJP1H4j06VB3sY3fjTAztq5BUTtxiWEnrnB8jn1qzbOZJaOBkZPTkDHP40tdXSyCxsAUlVJwSf1mfp86eSvDHE4Jbn0J4+h6DiurqlgVdRodxIVYiTuKwMnn1AHX6zVQ9jMwxcTHlBx546T8fhSV1LU6KKJ9n3uDcpJXOQJHMTPlUZ7GuLKi2jfEdB1k58uK6uqtQ3Jsi/8AD76/4ageap+pqlr9Jfg/szHmZ/8AjSV1Sg1MEXOztQDwZ9JpE0OpJ2wfM8/XArq6tGydbTCWg7P2jdcW7c9Adi/nJoqt1wITSsIrq6sZF/Fl5Ib1vUtxacek/pUSaLVni23zINdXUUi1KXlkg0Gt62h8yP0NWNP2Dq7hE2gB5lhFdXUmkV8bJ/saPQ+wtg5vg3G8iWA9Y/2/CtD2d2Bp7WbdtE6SFAM/E5611dWcpMxYSRSR730+fH0qwtwwPl/XJz/OurqkBXWZ3dMSSczz+P8AQqB2BPuEx5cDAkgcHkV1dTAS3cUKBOIxlRMg8R5bR/UV32qR96BncR9Mn5/T5V1dTExwu8gZn0kdMx16Zn4VHb1OYwYJmORjB+ORg+dJXUwGPcyFJwM9cYiY5Jzz6imWrmDuJHnJIxk+XEAnnj8erqQIjd5hwxzEDJEiOcT+FPuXCSNxPPvYEmB0ET5RFdXUDIEfr0Ix+Y6x+FPF8+Qz/vB/o9K6uoBla7ePk0iOZzI+POI+VQPfkHqDz0znpHQZ+dJXUwK5vZ2tJJPGPP8AHrk/7VVu21Jklp9AY/OurqYH/9k=",-